type,x_0,x_1,x_2,x_3,x_4,x_5,x_6,x_7,x_8,x_9,x_10,x_11,x_12,x_13,x_14,x_15,x_16,x_17,x_18,x_19,x_20,x_21,x_22,x_23,x_24,x_25,x_26,x_27,x_28,x_29,x_30,x_31,x_32,x_33,x_34,x_35,x_36,x_37,x_38,x_39,x_40,x_41,x_42,x_43,x_44,x_45,x_46,x_47,x_48,x_49,x_50,x_51,x_52,x_53,x_54,x_55,x_56,x_57,x_58,x_59,x_60,x_61,x_62,x_63,x_64,x_65,x_66,x_67,x_68,x_69,x_70,x_71,x_72,x_73,x_74,x_75,x_76,x_77,x_78,x_79,x_80,x_81,x_82,x_83,x_84,x_85,x_86,x_87,x_88,x_89,x_90,x_91,x_92,x_93,x_94,x_95,x_96,x_97,x_98,x_99
0,-0.003142527,-0.0044202656,0.0038989703,-0.0023499574,-0.005504883,0.005740522,-0.007536691,-0.0005834903,-0.0032738217,0.00053331803,0.009736474,-0.0012196393,0.006539407,-0.005494949,-0.008249708,0.0018511512,-6.0555008e-06,-0.0051406473,0.0057052756,0.0035612956,0.008890386,0.003487384,-0.009352583,0.0041328087,0.0052055614,0.0021794797,-0.009231466,0.0057686027,-0.008493088,-0.008246736,0.0008971016,0.005335061,-0.007458782,0.006031868,-0.0026532377,0.0016607317,0.00018381437,-0.0063398597,0.0015118147,-0.0016571014,-0.0039604376,-0.0002754226,-0.009138036,0.002496053,0.002779037,0.007923157,0.0046397084,0.0033645497,-0.007848559,0.008669146,-0.0041337376,-0.009394272,-0.007042143,-0.0053010564,0.001785475,0.0061333952,-0.0040954836,-0.004703294,0.005734668,0.0006510274,0.0057643745,0.00027936383,-0.009608822,0.0069433474,0.002749807,-0.0005193447,0.0003016381,-0.007723107,-0.002965257,-0.009544389,-0.007930646,-0.0064580627,-0.008665006,0.005382017,0.006431521,0.006185621,-0.00020219882,0.00798595,-0.0032481786,-0.004264295,-0.005175279,0.0043832203,0.009551533,0.0072963377,0.0061672037,0.004916755,0.0031073783,-0.009788016,0.0059139375,0.0060324348,-0.004760879,0.007859056,-0.0017763863,0.0062140035,0.009845265,-0.0044226665,-0.0021262649,0.00644397,0.0032986843,-0.008889527
1,0.0041198977,-0.009693556,0.008586399,-0.009154727,-0.00739674,0.0049837544,0.003447607,0.0016497743,-0.003403879,0.00772136,0.0050838296,3.6360037e-05,-0.00036302782,-0.008476145,0.0018089568,-0.0041226638,0.009445354,0.005168027,0.0066125398,-0.0017238186,0.0054954006,-0.007611908,-0.0005721982,0.00992198,-0.005705922,-0.0019527376,-0.0077380477,0.0008006649,-0.0052211666,-0.0022786502,-0.0025562455,-0.00543865,-7.710019e-05,0.006733869,0.008576152,-0.006848485,0.0075735827,0.0047290428,-0.0079399245,0.009133339,-0.008967829,-0.0005283301,0.0059489426,-0.0019969505,0.002012033,-0.008989749,-0.0013210009,-0.006042734,0.0056104218,0.003382122,-0.0010492136,0.0076075285,-0.009860867,-0.009337025,-0.00932944,-0.0076444647,0.005861061,0.0021638125,-0.0038823,0.005975309,0.0019409063,-0.006044959,-0.0021296195,0.00664253,0.008978991,0.008578439,0.0031552007,0.0071053975,-0.0021469716,0.008683122,0.0061216517,-0.008146712,-0.002451006,0.006862537,-0.0061714444,-0.0061788815,0.0043154415,0.00072154787,-0.009162083,0.009966816,0.0017906902,-0.00036838863,0.0033575422,-0.00084175705,-0.005657803,-0.0051703844,-0.008045939,0.002805115,-0.0061195004,0.009813358,0.008451578,-0.006102557,-0.009231632,-0.00063811097,0.008695648,0.009376401,0.0025010938,-0.007368677,-0.0012678814,-0.005819343
10,0.0017695909,-0.004977386,0.0030785594,0.004980163,-0.0045879483,-0.0041904203,0.004935064,0.0070960615,-0.0015525176,-0.0050367187,-0.005405037,0.00855474,0.0011970019,-0.00552194,-0.0025951245,-0.0012100565,0.0088265855,-0.0030001833,-0.007951356,-0.008620499,-0.0012149881,-0.009139737,-0.00013734314,0.008706695,0.0029864844,0.0028299787,-0.00087052194,0.007045108,-0.0027035212,0.0041644825,0.0036492716,-0.0039954693,-0.0028100736,0.0069403225,0.008735634,-0.008713442,-0.0034519793,0.008289934,-0.0009856652,0.0091912635,0.0037319637,0.009324395,0.0033482797,-0.001927479,-0.0091568595,-0.0033661528,-0.006899618,0.0075056767,-0.0033786534,0.0023528507,-0.0059773047,-0.008571053,0.0071665235,-0.0019119821,0.0020911917,-0.008364953,0.0032370004,0.0022418625,-0.0068125455,0.006973219,-0.0015270866,0.009892964,0.008455698,0.009793615,-0.007478531,0.0039026712,0.00046391072,0.0034939987,-0.007949766,0.005905286,-0.00078413147,-0.009611785,-0.0071565267,0.008937614,-0.00015014893,0.00919484,-0.0022422455,-0.0032037818,0.008312268,-0.004441813,-0.007881794,-0.00332413,0.0064050164,-0.0050475695,-0.0029145877,0.0031366507,-0.0031365159,0.0057351296,0.009881943,0.0045616063,-0.004331945,-0.0057493574,0.0011232513,0.0054448135,-0.0031298504,-0.0080962675,-0.00026991774,-0.008989133,-0.0061310627,-0.0048104348
11,0.004973101,-0.0025495703,-0.009039912,-0.0038247164,-0.0055225827,0.007968656,0.0029423817,-0.002863419,-0.0021922772,-0.0072896867,-0.00477304,0.0073993476,-0.00976689,0.008531034,0.005797556,-0.009599053,0.0022974033,-0.009787728,0.0036934444,-0.00777544,0.008162355,-0.0012261594,0.00777232,0.006319679,0.009379222,-0.00469893,-0.0022531347,-0.0015858491,-0.0046172882,-0.00043203993,-0.0020488962,0.00087796303,0.0069762915,0.009087583,-0.004360861,0.009222477,0.008013699,-0.008219866,-0.0002618694,-0.008432763,0.005857365,0.003496768,-0.004678468,0.0071661538,-0.0076400246,0.0076913387,-0.0060024443,0.0030093207,0.009214703,0.009341311,-0.0020171246,0.000382896,-0.009774858,0.0027650269,-0.0032388102,-0.009937829,-0.0048014014,0.0054397136,-0.0034987696,-0.006781555,-0.0032753488,-0.0019263434,-0.006112694,-0.007955859,-0.0014217555,0.0014668716,0.00014352133,0.006700908,-0.0059129866,0.008119608,0.0075064204,0.0012604492,-0.009999511,-0.0037019318,-0.0069480496,0.008267869,0.008317994,-0.002211871,0.005497419,-0.0051114745,-0.0033196271,0.004490711,0.0028171518,0.0006086309,0.0009685851,0.009611753,0.008189578,-0.0029722713,-0.0057795076,0.0022399703,0.0033734858,-0.0034729082,0.009971662,0.00909798,0.0060606734,-0.0003309027,-0.009331146,0.00051449164,-0.008921829,-0.0038186798
12,-0.0056678993,-0.009551777,-0.0033564584,0.007602777,0.0057038385,-0.0024925135,0.007642476,-0.006573161,0.0034313137,-0.00012219955,0.003609288,0.0060898834,-0.00764527,0.004067649,-0.004961776,0.00279736,0.0025746797,0.008464208,-0.006008106,-0.006149513,-0.00057423126,0.008481748,-0.0060644425,-0.0059873853,-0.00013329291,0.0021780208,-0.005995929,-0.0050385664,-0.0055901166,-0.008095747,0.005382946,-0.00080778904,-0.009405917,-0.0029397362,-0.0006711936,0.0034424313,-0.009183543,-0.007002695,-0.0031681105,0.009700927,-0.0017366587,-0.00016131382,0.0023536864,-0.008744216,0.0045916494,0.007977949,0.0031188077,0.0021955874,-0.006810621,-0.0035837353,0.0041215857,0.008375485,-0.005434251,-0.0077589396,0.0076324283,-0.0074849892,-0.006335545,-0.007763491,-0.005498748,-0.005462173,0.006028362,0.0029880702,0.005658556,-0.0022142816,0.0085280305,-0.009082418,-0.004210591,-0.0009808172,-0.0055078524,0.008808125,0.008787707,0.0044503906,0.0025014621,-0.001597587,-0.007544335,-0.005912859,0.006628032,0.0041095754,-0.008757566,-0.008622392,0.006727491,-0.0070483834,0.0018780555,0.006421787,0.0075890794,-0.003635137,0.0022839159,-0.0034317116,0.009768758,0.004997464,-0.006121249,0.0037953188,0.008685746,0.0005857492,-0.005847881,-0.006413912,0.0011922886,0.00086429657,0.0050145923,-0.005492289
13,0.0058445204,0.0064737,-0.006152754,-0.0067854864,0.0050207763,-0.0076458426,-0.009401408,-0.002918333,-0.006937409,0.008346372,0.0016789676,0.0039556236,-0.002786801,0.0013580307,-0.006017251,0.0030594184,-0.0044439547,-0.0069129644,-0.0034044792,-0.002462551,-0.0013384531,-0.004956175,-0.009443395,-0.008611504,0.0055392184,0.0076465537,0.00073554105,-0.0010988546,-0.005313241,0.009023145,-0.0067581297,0.008248413,0.00979157,0.0051497645,-0.00078242895,0.0009775788,-0.0072916406,0.0068695196,-0.0051641925,0.0076919,0.0016808183,-0.0028088798,0.001095147,-0.007805462,-0.0006059976,-0.0062552933,-0.004523124,-0.009083416,-0.00507952,0.0018715909,0.0053109773,0.007957523,0.0099358475,0.0017624607,0.0004029875,0.00835268,0.006239962,-0.0023485525,-0.00262871,0.0028888185,0.0033451756,-0.0055821026,0.0026202158,0.0021894951,-0.0073774797,0.0034793003,-0.008964545,-0.0060367617,-0.008947033,-0.0036758133,-0.0018400551,0.009720347,0.0062786364,0.006020098,0.0028122072,-0.0068342644,-0.0018487562,0.009270478,0.003250019,0.0020610064,-0.0057167066,-0.0075330413,-0.0020998232,-0.0028354465,0.00016323417,-0.005538383,0.009580352,0.005165601,-0.0069516874,-0.0047436897,0.0038165217,-0.004072969,-0.0054047685,0.0060632424,-0.0034788966,0.00035087464,-0.0078163855,-0.001339283,0.008110583,0.0064810845
14,-0.008431772,0.005008968,-0.0049342914,0.005789577,0.0048316205,-0.009480545,-0.0003842678,0.009305735,-0.009201141,-0.009915806,-0.0007210896,0.0015876623,0.0066849724,0.0038348092,0.0063917045,-0.0062670456,0.0018342372,-0.0024746917,0.009016273,-0.0034051028,-0.004146511,-0.004765942,-0.0042728144,0.0053206547,0.003143349,-0.005954372,-0.009546438,-0.0070554717,0.0035842815,0.00051974214,0.0014531567,0.007680973,0.0017529036,0.00050933746,-0.0041138907,0.00737959,0.009573188,-0.001479413,-2.5314326e-05,-0.0040300824,-0.0017859079,0.0022648713,-0.00952945,0.008860858,0.0048048277,-0.0068999766,-0.008999054,-0.000176007,-0.008580533,-0.009394631,-0.006110007,-2.1452463e-05,-0.008998935,-0.004753099,-0.00057132565,-0.003011698,0.0030491047,0.008397067,0.008505707,0.006436525,-0.007859225,-0.0068026357,0.006145645,0.009635844,0.009786676,0.008985757,-0.0033328536,-0.002107791,-0.005226468,-0.009431839,-0.0073387977,-0.008889995,-0.00035830203,-0.006997424,-0.00606827,-0.0007933414,0.0008199865,0.00072737405,0.008780728,0.0043464866,0.009863545,0.0031629533,0.00876852,-0.0020194426,-0.0021418221,-0.00064133323,0.0090352995,-0.010004441,0.0016212446,0.004326462,0.0011151124,-0.0042055286,0.0064508324,-0.009642103,-0.0034201387,-0.009565935,-4.226567e-05,-0.0016044161,-0.008284975,-0.0054130843
15,0.0017177124,0.0008367342,0.00039749302,-0.0043511163,-0.008673498,-0.0016685817,-6.478836e-05,-0.0019166349,-0.0066300095,-0.0029132615,-0.005852202,0.005435914,0.00071036414,-0.003701067,0.0052336226,0.0074316286,-0.0065513095,-0.003040718,0.009209049,0.006349792,-0.0075193527,0.0039747064,-0.0049548866,-0.0090813,-0.003289146,0.0047901664,0.008422917,-0.004986549,5.9453196e-05,0.009168471,-0.006332396,-0.0037354957,0.008419011,0.0068597673,-0.004225847,-0.0056935484,0.006840276,-0.00016789351,-0.007878065,0.0022453612,0.008314642,0.0078107323,-0.008941898,-0.00326337,0.0075995936,0.00066025637,0.003227535,-0.0015927149,-0.0064936285,-0.005044255,0.005343294,-0.0071405647,0.009010443,-0.0019892994,-0.005236228,0.0077057914,0.00054578803,-0.00090565055,-0.00045280636,-0.007286968,0.004139751,0.0079318555,-0.009656025,-0.00044550316,0.0064663533,0.0017627464,0.008577478,-0.009202853,0.0032140508,0.0067750392,-0.005746103,0.007742089,-0.008905307,-0.00670537,0.0040725353,-0.006753563,0.0016344466,-0.007421206,0.008015131,-0.0093096085,0.00011760378,0.0019233931,0.008335023,0.005602459,-0.009207905,-0.0014317947,0.0042450065,-0.006167383,0.00741718,0.0077838018,0.009991119,0.0016399815,-0.0060356148,0.0070513478,0.007965908,-0.007985367,-0.0029421265,-0.00458682,0.0044200793,0.004362366
16,-0.0011192794,0.0016916816,-0.005741292,0.0011316561,-0.0064645903,-0.003382544,0.0007355909,-0.007375827,0.003633649,-0.007300537,0.005951025,-0.009365465,-0.0058868504,-0.002150201,0.007336242,0.008089939,0.0048785014,-0.00427513,-0.004486949,-0.0042467667,0.0017204696,-0.0028962356,0.00087313825,0.0006775222,0.0023240873,0.0025243093,-0.007071772,0.0075214175,-0.008559644,0.0043946323,-0.0015802071,0.009627787,0.00028341328,0.00028376078,-0.0036800464,0.0006112655,0.007265231,-0.0037954906,0.009571819,0.0015097971,-0.0033808516,-0.0089578545,-0.007244811,0.007606156,-0.005765844,-0.004908169,0.0028074172,0.004765048,0.005275361,0.0037190653,-0.008854655,0.008090218,0.0030639956,0.002970921,-0.0077164858,-0.0011258662,0.00026252985,-0.008636137,0.000983748,-0.00069281,-0.004247817,0.008898068,0.0048028235,0.0053188205,0.0037344452,-0.002604094,0.00316065,0.004130293,0.0094611505,0.004007803,-0.007230257,0.009807684,0.006673299,-0.0038776095,0.005336575,-0.0036940782,0.0076648723,0.008529872,-0.0056557683,0.006140074,0.008152146,0.0003571193,0.0031013375,0.00015108695,-0.0072388747,0.006485699,0.0022768884,-9.295106e-05,-0.006831586,-0.0072813337,-0.0069337343,-0.0032168543,0.00571498,0.00024067225,0.003738701,0.0042235525,0.0015458093,0.0069930414,0.0028779767,-0.008446792
17,-0.0012320854,0.007793911,-0.00087862083,-0.003848651,-0.004804404,-0.009033947,-0.0051798066,-0.0061750486,0.0005093315,0.009010406,0.004207129,0.005120686,-0.009632931,0.0009844288,0.006196911,5.4265874e-05,0.0022489734,0.0024778207,-0.00808277,-0.0035207279,-0.0031897028,-0.0014528021,-0.0081029,0.0013287455,-0.0017892243,0.00043593624,-0.006424932,-0.0057154526,-0.0023914943,-0.007515977,-0.0074325125,0.0038866785,0.009876163,0.007893456,0.0094918795,-0.008588516,-0.0037615064,-0.00094269036,0.008304128,0.0041120662,0.006418419,0.004757769,-0.0050473697,-0.0054542636,-0.0035034548,0.008009215,-0.009146844,0.0049606515,0.0066219326,-0.006804843,0.004525775,-0.0038576913,0.0014430586,-0.0012430559,0.0050265267,0.008282015,-0.0060483837,0.0083758645,0.0034352348,-0.0020557232,0.0033514332,0.003290085,-0.0048155896,-0.0053123613,0.008847265,-0.002763887,-0.002452961,-0.008857487,-0.0010792316,-0.0015894334,-0.005632313,-0.0084306635,-2.6884096e-05,0.0063634664,0.0068723666,0.00474415,-0.007732222,0.0021030752,0.0064356932,0.0027593467,0.008157018,0.008678404,0.0050516506,0.0018497733,0.004442344,-0.0005452057,-0.009687162,-0.006205103,-0.0067202547,0.004168501,-0.004081422,0.00841756,-0.0024877,-0.0036336211,0.00025092848,-0.0012032944,0.0055628675,-0.004915676,0.0018938818,0.0019524047
18,-0.003186544,-0.0073423386,-0.001025009,0.0070972713,0.006253185,0.0045278175,-0.0011367097,0.00036685608,-0.0085635865,4.7391335e-05,-0.0067878435,0.007836193,0.006623945,-0.005922291,-0.0014019837,0.0032094943,-0.004403209,0.008600919,0.00478225,0.0046104807,0.0044147335,-0.008416782,-0.0067679607,-0.0003593028,-0.0040736184,-0.007060961,-0.008407796,-0.005494724,-0.008225246,-0.00047151675,0.0068064067,-0.0059857084,0.0042466642,0.007018664,0.008807018,0.0063612675,0.0024620125,-0.004375438,-0.0019019808,-0.00012975218,-0.0028822843,-0.00818911,0.0012299987,-0.007563117,0.0032797551,0.0030593083,0.0055755037,-0.006923162,-0.00020839968,-0.00026493362,0.0044162706,0.005611096,0.0034335277,-0.008377865,-0.0006798558,-0.009079645,-0.0067102336,0.008787228,0.0058053914,-0.0056086723,0.009451512,-0.0024718686,-0.0079836,0.0035458351,0.0027226093,0.0010968447,0.0068802643,-0.0011921988,0.0033144506,0.0048889895,-0.0066242567,-0.0021998608,-0.0065150196,-0.004769622,0.006491914,-0.0015108706,0.00092676585,-0.009103079,-0.0017535408,0.0067398893,0.004852809,0.0012968219,0.0061435495,0.006124014,-0.009805121,0.00814581,-0.008854451,-0.0077147507,-0.0013088678,0.0012561973,-0.00524073,0.00014332894,0.0013774986,-0.003514874,-0.0015736406,-0.006697779,-0.0048136157,-0.0049353424,-0.0043338835,0.004465047
19,0.009954145,-0.003851507,-0.004953975,-0.010000522,0.0050050546,0.0045502754,0.0005771026,-0.004271365,0.0074371938,-0.0064656385,0.0038551616,-0.0027201404,-0.0032688472,0.006501995,-0.008137012,-0.008093609,-0.0009050548,0.0025398678,-0.0070976433,0.009272042,0.005784718,0.0037459156,-0.0019486083,0.005832925,-0.0004215947,-0.0075337277,-0.0025402156,0.0038186596,-0.007764332,0.0091731325,0.0071806856,0.0061418037,-0.0023953184,-0.0024872744,-0.004271628,0.0034199583,-0.00044139332,0.0031679315,-0.0001726517,0.0044641234,-0.008437124,-0.0015830492,-0.007986379,0.009429394,0.0038433026,0.006545874,0.0069322945,0.0017843378,-0.0024678793,-0.0069994545,0.0034374557,-0.004788708,-0.0043299054,-0.0013305305,0.006293379,-0.0050455146,0.0025902076,0.0059044487,-0.006510808,0.008909118,0.0030265902,-0.0086397575,-0.0017177878,-0.006660025,-0.0059667556,0.00361683,-0.0059197736,-0.0011403889,-0.007736409,-0.0033412625,0.0025366535,0.0041238335,-0.0037815322,-0.0076727024,-0.0035024264,0.0022419167,0.0015877482,0.006778167,0.00974329,0.008433255,0.0071486235,0.003740172,0.00025931135,-0.0044656643,-0.0035406763,-0.0050151255,0.008916462,5.5194992e-05,0.003444779,-0.0002960824,0.0036908332,-0.0036287422,-0.00603683,-0.008807454,0.005503885,0.007527924,-0.0086318925,-0.0034525038,0.0046204524,0.0057719043
2,0.009279182,0.008736485,-0.00965355,-0.006608249,-0.0012572459,-0.008611925,-0.0041896836,-0.009610774,0.005561292,-0.0042251116,-0.008285395,0.0075451974,-0.0016593747,-0.008580355,0.00037234699,0.0025984272,0.0078090704,-0.0010038054,0.0022216502,0.0034161962,0.0046795295,0.0063265683,0.003986518,-0.008914835,0.0071741897,0.0061919945,0.00539752,-0.0005753777,-0.0052438807,0.003939315,-0.0007211991,-0.0067366613,0.0003392676,0.007766639,-0.00713601,-0.0058334046,-0.0035161723,0.0006401222,0.001340788,-0.007827811,-0.0018959335,-0.0035112954,0.008384949,-0.0066352743,-0.008284379,0.0060700597,-0.00605848,-0.00048265266,-9.962086e-05,-0.008461001,0.004963739,0.0009878941,-0.007193784,0.0062685804,-0.0013879525,-0.009422368,0.006947739,0.0036328365,-0.0009832536,-0.0011806831,0.008872813,-0.008745802,-0.005860693,-0.0002445215,0.005476307,0.00020043188,-0.0043313447,-0.006257096,-0.0082437005,-0.008911033,0.0010604858,-0.0055927634,0.0038355158,0.001628114,2.958056e-05,0.009247968,-0.004169679,-0.00014952733,-0.0050985552,-0.0029129717,0.008453265,-0.0048622047,0.0077742306,-0.006189217,-0.008507782,-0.009569203,-0.008516172,0.0026064191,-0.0021617506,-0.009089767,-0.00039553325,-0.0054571987,-0.0070470143,-0.0020510694,0.0072192196,0.0046743085,-0.0006816973,0.0023963458,-0.0073180473,0.001970483
20,-0.0068306536,-0.007205137,-0.0046171024,-0.0016762974,-0.009182018,-0.004217342,-0.0025094962,0.009474371,-0.0013365538,0.0045970464,-0.0017222366,-0.0016504489,0.0059043197,0.006695059,0.0010710417,0.0051722457,-0.007617141,0.005251339,-0.0016689999,0.0050882557,-0.0031594762,0.0016261431,0.005189526,-0.007895962,-0.0036212918,0.0043890984,0.00027211694,0.0008283554,-0.0024199947,0.006541004,0.008110492,0.008941082,-0.00287892,0.009453001,0.0038495902,0.005943965,-0.00258092,-0.0046267523,0.0047684256,0.00153204,-0.009915595,0.0055808965,-0.007694182,-0.009050526,-0.0096380515,0.0036301573,0.009010991,-0.0061312877,5.1697225e-06,0.0005127382,0.0015011546,-0.0097938785,0.002363519,0.006606843,-0.002382069,-0.0050775893,0.009015985,-0.0037741258,0.0007912299,0.0036688605,0.0064911447,-0.0058113434,-0.0019229072,0.0064881127,0.0016315245,0.0037214325,0.005981857,0.0075840093,0.0049964967,-0.0029768236,0.007014835,-0.004620651,-0.0011943934,-0.001863133,-0.0011551551,0.009494305,-4.6092737e-05,-0.008419217,-0.0012887212,-0.009212127,-0.0032943436,0.0015308904,-0.0036222462,-0.008125137,0.0036376698,-0.008225141,-0.0006778736,-0.0062164017,-0.007536528,0.008353969,0.002394044,-0.0065723183,0.0048227333,-0.006962479,-0.0011951945,-0.00040152355,-0.009466341,0.0073742494,-0.0038248277,-0.0013982754
21,0.008862654,-0.0056088474,0.0012736159,0.0065208576,-0.0018787459,-0.009611736,0.00044199772,-0.008840847,-0.0054678717,0.0017280017,0.0019806544,0.005243188,-0.0025019061,-0.005692228,-0.00042307595,-0.007054486,-0.006593446,-0.004521499,-0.001690983,-0.0070332903,0.009890548,0.006467873,0.0031881377,0.0032967676,-0.0051122573,0.0071041603,0.009024411,-0.0028098384,0.0057748533,-0.0014071241,-0.0049463906,-0.0098676225,0.007004526,-0.0023442248,-0.0026217266,0.00900089,0.008581291,0.0059275045,0.0050804773,-0.00088313746,-0.0037798926,0.0061923387,-0.00526513,-0.0005556844,-0.0044920123,0.004814924,-0.00028962694,0.00072291924,-0.007210778,-0.004491963,-0.00014513318,-0.008951841,0.006429872,0.0022784092,0.0069069467,0.00980621,0.0022102823,0.0091834515,-0.001652405,0.0029201263,-0.0010314985,-0.009766375,0.006000801,-0.007798299,-0.0006741048,0.00730321,-0.00958018,0.0049797115,-0.0024773753,0.008270938,0.0036422275,-0.0024239544,0.0048776926,0.0068364325,-0.0015339978,-0.00043169764,0.003111426,-0.004503208,-0.005089245,0.006504129,-0.009915333,-0.0060280315,-0.0024480284,-0.0070575746,0.002690753,-0.0062872344,-0.007979664,-0.009338886,0.0076608425,-0.0017010712,0.009727434,0.0025774396,0.0056415563,0.0039179954,0.0013052373,-0.005925586,0.00075166736,0.00636776,0.0025390037,-0.0038381305
22,0.004512363,0.009024789,-0.007389239,-0.0066090613,0.0022937802,0.0027243632,-0.005094293,0.009288251,-0.0036121092,0.009683372,-0.0014607992,-0.00030717463,0.0021115192,-0.0071939174,-0.0030350755,-0.0059791054,0.008965477,0.008994426,-0.007412213,-0.003709963,0.00623064,0.005580012,0.009706884,-0.0059702876,0.00913763,0.009710715,-0.004044318,0.0051537286,-0.0021095916,-0.008618774,-0.004233586,0.0036939427,-0.00502309,0.0070850607,-0.0053842105,-0.00093380694,-0.008977618,0.0010820527,-0.006056042,0.00053598476,0.0032074624,0.0036387763,0.0025554746,-0.008639637,0.0039012737,-0.008795174,0.0052291877,0.004503194,0.0036566907,0.009169064,0.009747338,-7.140707e-05,0.008291627,-7.560377e-05,-0.0081575895,-0.0024184927,0.001222851,-0.0022356627,-0.009311432,-0.0011658948,-0.006572323,-0.0010988463,-0.004322421,-0.001656037,-0.008530544,0.0044668145,-0.0069751632,0.009000299,0.002632782,0.008179546,-0.006533586,-0.007144182,-0.0033790458,-0.0094190175,0.0015809572,0.008182543,-0.0017149801,0.0059088184,-0.0033691057,0.0050832108,-0.0064757285,-0.007951408,-0.0063215,-0.0069041126,0.0073551307,0.0028487034,0.007054284,-0.0030404474,-0.0004201011,0.0014479593,-0.005563767,-0.0069396375,-0.009472614,0.0098970095,0.0073604034,0.0027657324,-0.0059266747,-0.0007183867,-0.0015490396,-0.00013950546
23,-0.0032587338,-0.0041359123,-0.0070939274,-0.0024495865,0.0053381673,0.007501271,0.0028744393,-0.007493383,-0.008357198,-0.0004739292,0.0076313443,-0.00600585,-0.0013458547,0.005094566,-0.007012955,0.007959784,-0.0010545836,-0.0038382225,0.0065923403,-0.009391163,0.0006631447,-0.0062642265,-0.0021112163,0.004490338,0.0040449165,-0.0082713235,0.0007397873,0.0031998025,-0.009085925,-0.00363892,-0.0034123766,0.008333961,-0.0041443296,0.0011180708,-0.00647499,0.004086524,0.0015373188,-0.0064908047,0.0024802734,0.0010843333,-0.0031161755,0.009014779,0.0010825088,-0.0024961685,0.000746155,-0.0015867443,-0.002644627,0.008188113,-0.0019995086,-0.0032351566,-0.0036569582,-0.00685995,-0.0011098171,-0.0055776145,0.009496873,0.009628891,-0.0011721597,-0.0072436016,0.0049764724,0.0012670782,0.0067824028,0.009922512,0.006626016,-0.009397847,0.006194939,0.00080763863,-0.0035146552,-0.006963431,0.0033497445,-0.0031034425,0.0019526336,0.005105074,-0.0070318747,0.008443122,-0.003742473,0.009856582,0.0024080097,0.0048578074,-0.0009487022,0.00021756625,0.004107367,0.001039385,-0.007945911,0.0040746233,-0.0057360283,-0.0064728735,0.0003578252,0.0074416534,0.00955561,0.0066475067,-0.00025370906,0.00629102,-0.008783253,-0.0028322611,-0.0031121573,-0.008210463,-0.009181348,-0.0016303645,0.0051894663,-0.005045873
24,0.009456087,-0.008144164,0.0049572345,-0.008910618,0.0053169588,-0.0023699352,0.0067148777,-0.0030107277,-0.001958147,0.008330628,0.009868354,-0.0087199835,-0.0052907406,0.007394366,0.004958139,-0.009989744,-0.0011300913,-0.00842775,-0.0047283415,0.0068866047,0.0009303838,0.0014871502,0.005367209,-0.0028174731,-0.00018130607,0.006203983,7.758847e-05,-0.007712072,0.0041934284,0.0015973648,0.005456207,-0.0022585643,0.0047134357,0.004167097,0.0043112147,-0.002292135,-0.0032984898,0.0046237134,0.008597663,-0.0034288797,-0.006910444,-0.0033090357,0.007496499,-0.005063964,-0.000709663,0.0044499906,0.009168637,0.002892381,0.003511535,3.0163419e-05,0.0061049354,-0.00028803677,0.008954112,-0.0026940184,0.008882983,0.0014081616,-0.00027434318,-0.0077937385,0.0067409435,-0.008903016,-0.004116936,-0.009876014,-0.0029672617,-0.003799665,-0.0027734186,0.006232896,-0.0048170714,0.00023619067,0.0061144745,-0.0022911609,0.006909014,-0.0077249557,0.0016685562,-0.0016246802,-0.008734341,0.0061653196,0.005248043,0.006006122,-0.008849457,0.007050236,0.009096474,-0.0027526196,-0.0060951905,0.0022785966,-0.0019533304,0.006519837,-0.009467296,-0.0053447396,-0.0017011734,-0.00525193,-0.006183643,-0.0035072812,0.0051932908,0.004084453,-0.0038705273,0.004196974,-0.004190225,-0.0071507026,-0.0022811505,0.002164421
25,0.0068706223,0.0020953212,-0.0028291487,-0.0027091412,-0.0059640375,-0.0033442578,-0.004942972,-0.008328732,-0.0028331275,-0.0095568085,-0.0025025667,-0.0079375785,0.00995949,-0.0041947775,0.006864691,0.003341453,0.0054303184,-0.007344541,-0.007051057,-0.01002769,-0.0065546166,-0.004951742,-0.0081070075,0.0058966023,-0.008262543,0.007037169,0.0038101748,-0.005432961,-0.0059622023,-0.006060437,-0.007302645,-0.0014913117,0.0064661345,-0.0072446936,0.0036775533,-0.0073070815,-0.008797455,-0.008406517,-0.0037298861,-0.0043650214,-0.006921955,-0.0030731584,-0.006018596,-0.0086562475,-0.00095393514,0.0005840352,0.005720562,0.009407499,-0.00044912173,0.009576133,0.0069256467,2.4119923e-05,-0.0008651143,-0.005531671,-0.0005190286,-0.0011121868,-0.008615376,-0.0087024635,-0.008292929,0.00033092554,0.009470104,-0.0069099306,-0.00060837256,0.006995178,0.0060297046,-0.005236206,-0.0054800287,-0.00816188,-0.0059254332,0.0006896199,-0.009688756,0.008505713,-0.009423293,0.0015533981,0.0008974597,0.0076777516,0.0074328254,-0.0017406233,-0.00092085614,-0.0065083983,-0.0064456956,0.0059355875,0.0021320425,-0.0057240617,0.0056878375,-0.008857563,0.007741418,-0.003259226,0.00995325,-0.0072258976,-0.0036046023,0.003874679,0.005276189,-0.00033212508,-0.0016935088,-0.0064403983,-0.0006048202,0.003312064,-0.0076459176,0.0050188275
26,0.007723491,-0.0019319106,0.0023663354,-0.0045137,0.008582286,-0.0046370765,0.0062616607,-0.008132019,-0.006027757,-0.006321006,-0.00888453,-0.002149875,0.008336583,0.009865152,-0.0014536651,0.008280389,0.005056818,-0.006760219,-0.008953809,-0.005210237,-0.009614007,-0.0038321351,-0.0006508164,-0.0011880159,0.00072070054,0.0019815026,0.0017790648,0.0050907903,-0.008362736,0.0009787341,0.008303534,0.0088972235,-0.008148484,0.0023626967,0.00769565,0.0030527527,-0.0019955323,0.0019942732,-0.0018092489,-0.007503704,-0.0009609673,-0.0038067473,0.0034204181,-0.0077586835,0.007109759,-0.004838397,-0.00069974014,0.00831403,-0.00045737746,0.007948806,-0.009903928,0.0056971163,0.0009816198,0.0024310306,-0.008426798,-0.0012109621,0.00057716115,-0.0033657246,0.006061314,0.0039997445,-0.0034104204,6.71486e-05,-0.005371618,0.0005441543,0.004090615,-0.0044711684,0.0069143577,0.0029992915,0.009268684,-0.0015466805,0.00911756,0.0087541565,0.0044010314,-0.004340715,-0.0034577474,-0.0058011524,0.009392945,-0.0050434237,0.0029871522,0.005376545,-0.007779819,0.0039457087,0.00169549,0.009831896,0.0072013037,0.005257473,0.0006713893,-0.002410729,0.00832972,-0.0064328252,0.0011213295,-0.0034315458,0.0072561326,0.0009018365,-0.0075304434,-0.007466287,0.0003803542,-0.0060702576,0.0027836584,-0.00054033985
27,-0.009517219,-0.006373095,-0.0034042324,-0.009180398,-0.0063354606,0.008006099,-0.0051294207,-0.005057115,-0.0040492387,0.005839667,0.008239789,-0.003634798,0.006494105,0.0069068535,-0.009494983,0.008361327,0.008317714,0.00056767045,0.0036571955,-0.0046103294,0.0092562195,-0.009704696,0.008741919,-0.0036304789,0.0045772516,-0.005989197,0.009052042,0.008122387,-0.007426951,-0.004416653,0.0033326447,-0.0010696243,-0.0029258407,0.0052890587,0.0046192864,-0.0065052,0.002418303,0.0078066364,0.008383718,0.0035175765,0.004497629,0.00043041102,-0.0076895864,0.0011912609,-0.0045061437,-0.006279069,-0.0018912863,-0.0017820414,0.008035627,0.0013291555,-0.0064608282,-0.0052452357,0.0057125273,-0.002167599,0.009424677,0.0066414075,-0.0001803279,-0.0015722867,-0.008453355,0.0038095813,0.0005500613,0.009741061,-0.0013115108,0.004796366,-0.0029039227,0.006593696,0.0072850846,0.005924142,-0.0018447542,-0.0038515595,0.004579503,-0.0071753752,0.0006122032,0.008898219,0.0043886676,0.00975268,0.002289666,-0.00021933623,0.0031773772,0.00605399,-0.0022096247,-0.00017035972,0.005449615,0.0014278783,-0.0073484615,0.006560268,-0.00409132,0.005339668,-0.009702654,0.0027810435,-0.0033743614,0.006398336,-0.005728625,-0.009669567,0.007107749,-0.009803842,0.0065419697,-0.005631255,-0.0059506763,0.009431274
28,0.009439086,-0.009905007,-0.0011593138,0.00030017257,0.0003063143,-0.007769203,0.0006918615,0.006148295,0.0020001214,0.0011845753,0.002034451,-0.00994707,0.0075116563,-0.009065966,0.0074018105,-0.005749861,0.0043698354,-0.0056461478,-0.0027266135,-0.0063348543,-0.006731551,0.0042824713,0.007515093,-0.0025396992,0.0039414894,-0.0075054187,0.003290238,-0.0014587749,-0.004036427,-0.0022731735,0.009673835,0.008122531,0.0035578115,0.0025083355,0.0069597466,-0.00072369864,0.0043468964,0.006733316,-0.0051698824,0.006372915,-0.0015985576,-0.008891475,-0.008245145,-0.0075436183,0.0007391921,-0.0013764923,0.004138148,-0.0029647993,0.005410071,-0.008441534,-0.0038247341,-0.002877033,-0.0029226926,0.008159996,-0.0015732015,0.006692407,-0.004001866,-0.0045747254,0.0065682237,-0.004321975,0.0052231182,-0.0058519915,0.000113484646,0.00035046393,0.007093911,-0.0030995768,0.0021385706,0.00642003,0.0007750794,-0.004835077,-0.00019779646,0.0011913333,-0.006251858,0.0062741223,-0.008560185,0.009897626,0.008958146,0.008506122,-0.0066803866,-0.009361724,0.009825061,-0.0020521989,-0.005299879,0.0024786575,-0.0014102142,-0.008028292,0.00593808,-0.0026092827,-0.009985555,0.0019779257,0.0078052054,0.006480319,0.00945552,-0.0072999215,0.0016801937,0.00493624,-0.008273263,0.009262246,0.0012788606,0.0031390751
29,-0.0048842113,-0.007501231,0.008353645,0.0018654151,0.0012886857,-0.0019216941,-0.008443179,0.002950445,-0.009789798,-0.0029126129,-0.002801721,-0.0005594875,-0.002361199,-0.0065888697,0.0057409676,-0.0048312657,0.006151632,-0.009927717,-0.009743969,0.0088501945,-0.00456602,-0.0034355086,-0.0036552143,-0.003597675,-0.003870588,-0.007218164,0.0041840407,0.0034258969,-0.0042279833,0.0077234055,0.0042675473,0.00918267,-0.0075820317,-0.0007558382,0.0024910572,-0.009451467,-0.009934156,-0.006234062,-0.0077306572,-0.0067964904,7.8763616e-05,0.008489975,0.008277624,0.0077539426,0.0011613701,0.008588271,-0.0064623537,0.0045965784,0.0027284762,-0.0028303065,0.0016144507,-0.0020804524,-0.0007935387,-0.008851947,-0.0057193493,0.0043349867,-0.0074219336,-0.008432377,0.0082357805,-0.004964399,-0.0069682826,0.00965122,-6.14143e-05,-0.0029591804,-0.0057094805,0.008980135,-0.0031969557,0.0042568548,0.0015725074,0.0048337514,0.0019506619,-0.008278891,0.0077996743,0.0036628603,-0.0014165586,0.0037293455,0.008636606,0.0043747867,0.0038102719,-0.006106773,-0.006869716,0.0042728256,0.0066394713,0.004065848,-0.007894637,-0.002023319,0.0068936446,0.005233816,-0.00051345304,0.0023090574,0.0015111902,0.00639619,-0.0029847594,0.0021387213,-0.0087635815,-0.0019435114,0.0035076614,-0.0075196764,-0.0058890632,-0.0023313554
3,0.004242306,0.009158902,0.008200367,-0.0071539846,-0.0011205438,-0.0064852354,0.0040774215,-0.0068713115,0.0072976104,0.008028437,0.0024194054,0.000453846,0.007328365,0.003024005,-0.0037608056,-0.0002310015,-0.0011758556,-0.0001771622,-0.0020049307,-0.009274464,-0.0015379712,0.008012296,-0.0010675717,-0.00011687375,0.008155321,0.0053625884,0.00491581,-0.0038093168,-0.008312249,-0.005252014,0.0086792,0.00031627686,0.000116815834,0.0018236939,0.008279393,0.004258883,-0.008578246,-0.009574506,-0.0056308554,0.0013515005,-0.004291306,0.0048444504,0.0077545494,-0.0025283354,0.0043289075,0.0065962207,-0.005379912,-0.0021275538,1.6111191e-05,0.0068229632,-0.0046645245,0.007302949,0.007477396,0.002966811,-0.0012834254,-0.0020622006,-0.001150189,0.0041636634,-0.00091230497,-0.009159339,-0.006937552,-0.00794384,-0.007322957,0.003743824,-0.007834896,0.0050414586,-0.007233639,-0.0051057003,-0.000102749866,-0.0033107912,0.001322655,0.009268206,-0.0033865364,-0.006989524,0.0008299899,0.0059264274,0.007296777,-0.0004432083,-0.006416837,0.009470074,-0.00059539377,0.0015790515,-0.0031857318,-0.0023052292,0.0072564236,-0.0041773883,-0.0023000576,0.0077521945,-0.0024963068,-0.0032132107,0.006864637,-0.004168109,-0.007645672,-0.0058244835,0.0039753946,0.008915844,0.0014687261,-0.0048761014,-0.0022771426,-0.0014923108
30,-0.0041898666,-0.004486443,-0.00049702387,-0.0025028724,0.008235622,0.0045821895,-0.0002187761,0.001704887,-0.004797044,-0.0077021797,0.00543046,-0.0041704695,0.008098949,0.0042216578,-0.0046291216,0.0032796261,0.0037897124,0.0038449068,0.0060386513,-0.002192015,0.0061770277,0.009404821,0.007939548,-0.004343072,0.008834802,-0.0034743247,-0.008962182,0.0071906983,0.008272541,0.0045639384,0.005315656,0.005684172,0.00669477,0.0027337826,-0.0037445237,-0.008399851,-0.0010971865,-0.0084848255,0.0039300723,0.009668532,0.0033984461,0.004924295,-0.0078117447,-0.005000365,-0.00245373,-0.0033354952,0.0002570629,0.009923473,-0.0053822934,0.0019030216,-0.0075826263,-0.0024628078,0.00026028848,0.0056603495,-0.009137087,0.0007625874,0.009483327,0.004512021,-0.006889131,-0.0055370373,0.0025958186,0.007601981,-0.006159874,-0.007483996,0.003935546,0.0037004033,-0.009091762,0.0013175815,-0.003303081,-4.6589535e-05,-0.0062960424,0.00072220835,0.009243787,-0.0058477283,0.0069862506,0.0017477403,0.008958644,0.005950617,7.299022e-05,-0.008764465,-0.0053915167,0.0036565857,0.009566027,0.0041469713,-0.0059463116,-0.007540783,-0.0061915047,0.0057009817,-0.00063382863,0.0029595194,-0.0060754106,0.0068928013,0.0050503737,0.003454738,-0.006485564,0.006399776,0.0069356435,-0.006915544,-0.0032748706,0.001544985
31,-0.0015562383,-0.008413891,-0.002875923,0.005073784,0.007024379,0.003862228,-0.008752562,0.0020948444,-0.0053335293,0.005465168,0.0049003647,0.0031519097,-0.0035521078,-6.611923e-05,-0.0061667007,0.008232252,0.00987277,-0.0092085125,-0.004416012,-0.0021318076,0.0049549197,-0.005310522,0.007162267,-5.7781013e-05,0.008637876,0.00016687429,-0.0068861735,0.003721687,0.0022751265,-0.009377993,-0.009918299,0.004002615,0.0052965432,-0.00042457413,0.0040434035,0.0031699855,0.005694839,0.008765563,-0.006268809,0.005720777,0.0004931318,0.0068356865,-0.00016688604,-0.0052249245,0.0031693154,0.0058145,-0.006855925,0.005339602,0.0060438737,0.008502372,0.00875953,0.008412384,-0.004487442,-0.008295486,-0.008697632,0.009208508,0.007960303,0.0021880057,-0.00074362854,0.005773571,-0.0030444877,-0.0022443375,0.004355812,-0.0020551998,-0.008402511,0.0051430115,-0.009143713,0.0069207097,-0.0023133813,0.00028545866,0.0060392073,-0.005585885,-0.0050669205,-0.00896912,0.004727856,0.0060081985,-0.0010727504,5.208588e-05,-0.0038025854,-0.0034892538,0.001747916,0.0071837343,0.0005069976,0.0031844948,-0.0016041633,0.002944865,-0.008934928,0.0049859085,-0.008014611,0.002681811,0.004570922,-0.00237527,-0.009444781,-0.0014747052,-0.0028956847,-0.006726304,-0.0033933627,-0.00033939112,-0.0036851356,0.0028773972
32,-0.005252969,-0.006068558,-0.009924013,0.008536368,0.003510781,0.00020329437,-0.0098891845,-0.005205232,-0.00982803,0.0020854282,0.002784775,0.0046051764,-0.004276513,-0.003154214,-0.00307837,-0.008749658,0.002211707,0.009235651,-0.009596056,-0.0035238622,-0.0038590606,0.0025167235,-0.0057272506,0.0026910524,0.0058138715,-0.008109507,-0.0083917,-0.010032119,0.004843306,-0.00917101,0.005885274,0.006947111,-0.0064615947,-0.0044541718,-0.0012043027,0.0016979688,-0.0015383963,-0.008624902,-0.0035700405,0.0017982075,-0.002029396,-0.007164784,0.004120866,-0.008681786,0.0027164787,-0.004588276,0.0006496503,-0.0020247942,0.0054379227,-0.007965158,-0.0022110713,-0.00015155379,-0.0066238283,-0.0065917843,-0.0019515747,0.008894507,-0.0012479471,0.0035493737,-0.005716809,0.008877859,0.0029305713,0.00935221,0.004367489,-0.004156438,0.00231436,-0.0043760817,0.005806147,0.001767565,-0.0022667102,-0.0058782934,-0.008046605,-0.00085320364,-0.009046391,-0.009175861,-0.007899552,0.0021733167,-0.0064800633,-0.007785107,0.0021431835,0.002056778,0.008354024,0.004773135,-0.009410851,-0.0003135093,0.007868268,0.0026985717,0.0026807094,-0.0050173113,0.006453069,0.0017138158,-0.007578832,0.0068968297,-0.009740752,-0.008213333,-0.0048638633,0.009883841,0.0030424187,-0.0020680828,0.008934333,0.0023314324
33,-0.0039339093,0.007363198,0.0018948606,0.007821234,-0.0013965806,-0.0057926183,0.0010524832,0.00862396,0.0028906069,-0.0046302555,-0.0008999125,-0.0096486285,0.007383276,0.007924203,0.0033956077,-0.0050104703,0.0065913135,0.0016401232,0.0031932695,0.0071884156,-0.004435183,0.00598701,-0.00063925254,0.009976846,0.00025183376,0.007920824,-0.0020452146,-0.0030880035,0.0025478213,-0.007850066,-0.0017648576,0.00040086554,0.001789101,0.006008365,-0.00179272,-0.00037813513,-0.0072947885,-0.0059772637,0.00016727785,-0.0024960863,-0.0019633893,0.0061896453,-0.005819122,0.0063818507,-0.004066567,-0.006929114,-0.007842026,0.004566289,-0.0033629255,0.008676646,-0.0058614514,0.005302942,-0.0005973797,0.005670422,-0.0008418767,-0.0046216287,-0.0095338635,0.0053165043,-0.0074796746,-0.0023937952,0.0030346457,0.009613081,-0.0032634311,-0.0012259672,0.0049364036,0.004932912,-0.003148576,-0.004444918,-0.0039437916,0.007033989,-0.005275244,-0.006056276,-0.005916857,-0.0032408168,0.008095856,-0.001300884,0.009224162,-0.007792179,0.002472125,0.008933974,-0.009685707,-0.0011610453,-0.008597244,0.007185289,-0.0020935782,0.0061125886,-0.004772201,0.0031554243,-0.003897485,-0.0089677395,-0.0029880279,-0.0006154466,-0.009128898,0.00024281596,-0.005404308,0.005478184,-0.004392246,0.0094977515,0.0013211261,-0.0024388134
34,-0.007886939,-0.009242194,0.008396566,-0.004345168,0.009692707,-0.0026717552,0.009617803,-0.005994129,0.003293416,0.0044457274,-0.008697079,0.005195404,-0.006594718,-0.0037253802,0.0045555374,0.009498221,-0.0028059438,-0.0030677759,0.00022715714,-0.0005879795,-0.009768491,-0.007928276,0.0057686525,0.007190932,-0.0046346756,0.003287206,-0.0012595755,0.0034707221,-0.006230685,0.0028577028,-0.0048957886,-0.00654744,0.008540937,-0.007823508,-0.0029647693,0.0044021173,-0.008431428,-0.004772342,0.00085754605,-0.0058383085,0.008869453,0.009030566,0.007426342,0.0027957368,-0.0050103064,-0.00048924837,-0.001990179,0.0061848345,-0.0069616893,-0.0086959675,-0.009704529,-0.008030451,-0.0064365854,-0.002346584,-0.002356678,0.0063118543,0.0045228703,0.0051912623,0.0026392962,0.0020649326,0.0045835283,0.0087970905,0.0053512007,0.0020486538,-0.002054323,0.0052003963,0.007261115,0.009216004,0.006520472,0.0046448363,-0.009940171,0.0034547227,-0.0019968771,0.0038674679,0.0063740257,-0.0022856658,-0.008727121,-0.002336343,-0.0050795544,-0.0037180455,-0.0055663837,0.005177693,0.0006946722,0.000209948,-0.0047845133,0.0096750865,0.0005945139,-0.0025544972,-0.00921057,0.0028578206,-0.0075884764,-0.0046480037,-0.0090872785,0.001276745,0.00834194,0.0058741947,-0.0031909603,-0.0011805535,0.009721075,-0.0067868703
35,-0.00555718,-0.003204695,-0.006013828,0.003730655,-0.006861988,-0.0020381974,-0.0011480033,0.0072695296,0.0066484935,0.0034434935,-0.00012103422,-0.0047060214,-0.0019609348,-0.005419428,0.008867265,-0.008613885,-0.009960079,-0.0007574139,0.0036418552,0.0080636395,0.008874938,0.006231319,-0.006264302,0.008678207,-0.009393576,0.00071800663,-0.006652616,-0.00084022136,0.0026129636,-0.007714323,0.0039879796,0.0014937147,-0.0005196824,0.00626029,-0.0043493854,-0.0016682973,0.0010082094,0.0028760321,-0.0087312665,-0.005038337,0.007875479,0.00094019104,0.0036503398,-0.009360496,-0.001953879,0.0021998459,0.002570688,0.008926479,0.00029485935,-0.004702571,-0.0033101707,0.009603315,0.007471556,-0.008915811,-0.003596898,0.005475647,0.0008816727,0.008760978,-0.0058654775,-0.003065906,0.008403038,0.005472411,0.008733229,-0.0031405147,0.0023213092,-0.006833824,-0.0059392955,-0.005974303,-0.008342559,-0.0022165438,0.0035121515,-0.0016378129,0.0029424652,0.005099688,0.007468128,0.0025423898,0.007930229,-0.0039700167,-0.0047651134,-0.0011770321,0.0059074243,0.004788532,-0.008282924,-0.0029361164,-0.008053556,0.008710169,-0.0019756549,-0.00014230993,0.008617915,0.0018593344,-0.007415661,0.0067896284,0.004717976,0.007904652,-0.003907189,0.0043756673,0.004816741,-0.0040768427,0.0021779654,0.005313884
36,-0.00021464122,0.0010649866,0.0041481256,0.005923074,-0.0013181698,0.003798916,0.00738637,-0.009234147,-0.0064780065,0.008132292,-0.009396796,0.004387416,0.0001405526,0.004697242,0.008107335,-0.009075668,0.0032892094,0.0058882027,0.005919002,0.0052082166,-0.0071199974,0.0032098761,0.007279862,-0.007234502,-0.006718078,0.0017219345,0.00072191947,-0.0039444077,-0.0017217528,-0.008893191,0.0061813123,0.009015268,-0.003697988,0.0033982692,0.0082867,0.006321325,0.005455055,-0.0075251088,0.0075875004,0.0068754973,0.006440502,-0.009665087,0.009542879,-0.0032296213,0.0072430754,-0.0021276842,-0.0022329043,-0.0079679005,-0.007671981,-0.00018643633,0.0013489168,-0.0017165503,-0.0032055383,-0.008697845,-0.009417173,0.0022789077,-0.0072411094,-0.0041192556,-0.00088757905,0.0013860373,0.008095775,0.00454602,-0.00794127,-0.0019800733,0.00602879,0.0040700478,-0.0040382175,0.009619464,0.003023073,0.0028199097,0.005901615,0.0014941685,0.0057826797,0.0075299726,0.0070452695,-0.0023556876,0.0077615757,0.009405791,0.0035025917,-0.0035044851,-0.0037565243,-0.0050854394,-0.0029284006,0.009655249,-0.0068102134,-0.006821625,-0.0074708117,0.0034011991,0.0015804468,-0.0027228715,0.003069972,-0.0094851535,0.0046710097,-0.00286028,-0.00401494,0.009648337,0.004014256,-0.0039801397,0.0027082488,-0.007049468
37,-0.00543648,0.0030287865,0.0022155752,0.0090478575,-0.005542423,0.00944775,0.009187729,0.007751006,0.0068374616,0.0015490481,0.00044833252,-0.009222193,-0.009445823,-0.009287431,-0.006576564,-0.007775184,-0.0007332155,0.009825963,-0.009333793,0.00065523695,-0.0014388827,-0.0007458651,0.003848102,0.0025135186,0.003237755,-0.0009072917,0.006302906,-0.0043648263,-0.0020438666,-0.009896537,0.009976288,0.0029062424,0.0003924441,0.0016072612,-0.004526961,0.005324579,-0.00814925,0.0009297792,-0.0038771336,-0.0014266287,0.00866558,0.0038244587,0.0070319558,0.0018441804,0.005974432,0.0008130685,-0.0061755246,0.0084113,0.003735761,-0.004973574,0.0036193635,-0.0026391062,-0.0075627253,-0.004177342,-0.0064537367,-0.0051806504,0.0035791195,0.007962403,-0.00032873132,0.007795104,-0.005038071,-0.002751097,0.009697523,-0.00037105966,0.0062927054,-0.0068896855,0.0015277934,-0.009956728,0.0041556517,-0.00901277,0.0063965833,-0.0027383305,-0.0069877286,0.0023148991,-0.00096863543,-0.004382775,0.004766423,-0.00065113464,0.0044283965,1.9940648e-05,0.0033635942,0.00089341233,-0.00409906,0.005462886,0.0065111355,-0.0050224657,-0.00032914782,-0.0043320567,0.0027819197,-0.0079953335,0.00043868675,-0.0023690215,-0.0028856422,-0.0017643081,-0.001927988,-0.00017453833,-0.009203576,-0.0073172105,0.0061747776,0.0097496975
38,0.0033371367,-0.009350085,-0.0083659105,0.003852275,0.0012142063,-0.00024801955,-0.005933348,-0.0051963707,0.009422555,-0.002024682,-0.003502776,0.004345017,0.0045543476,0.002719215,-0.006650092,-0.0094855605,-0.0005385282,0.0024542639,0.005773622,0.009501273,-0.0034614112,0.007903049,0.008533989,-0.0016862459,0.009262121,0.007873984,-0.009001057,0.00539036,0.00787217,-0.0034096849,0.00022414718,0.004283066,-0.005680329,0.0021211635,-0.002651865,0.0049064355,-0.0073719025,0.005801031,0.0006729504,0.0062164823,0.00092980627,-0.008413596,0.006411072,0.005913123,0.0004718994,-0.009631738,-0.0057049477,0.00086566276,-0.008230951,-0.008049601,-0.0003414431,0.006300978,-0.0056379694,-0.0047860467,-0.00024664347,-0.0059002386,0.0016626088,0.005989144,-0.008660786,-0.0017375427,-0.0070793144,-0.001493808,0.008253294,-0.0059406464,-0.0074529084,0.0069505624,-0.009587862,-0.008977696,0.007771608,0.00862968,-0.008862578,-0.00024358153,0.0065926095,-0.0025789845,0.00031463325,-0.0043721832,0.0077343527,0.004167757,-0.004829226,0.00062346586,0.004971108,0.005021587,0.0021995113,-0.005946272,-0.006498803,0.007538932,-0.0049177418,0.008106506,-0.0023881574,0.009402728,0.0024056353,0.0034312163,0.0020016448,-0.00882307,-0.008734104,-0.009192495,-0.0020531085,-0.0025406228,0.008979722,-0.0092407465
39,-0.008287008,0.007221302,-0.004997149,-0.0012954269,0.004145361,0.0034331505,0.0079060765,0.006517668,-0.0039314125,0.009465587,-0.0002754574,0.003233302,0.0069958693,-0.0076140994,-0.003994776,-0.001837225,0.0050051333,-0.0026974517,-0.0069300313,0.0052747773,0.008809169,-0.0033370187,-0.0028370747,-0.0061877538,0.0020893745,-0.000105246785,1.2266594e-07,-0.009326927,-0.001262858,-0.0059755836,0.0089572845,-0.0028937242,0.0061210063,0.0048253345,-0.0013052672,-0.0027945542,-0.006421435,-0.008687675,-0.006410599,-0.005431813,-0.008917947,0.007257761,-0.0063543087,-0.0001265282,0.002571149,0.0071440274,0.008535052,-0.0013672478,0.002323011,-0.0013544849,-0.008362269,-0.00087439915,0.00697668,-0.001974789,0.009683851,0.00903408,-0.007977383,-0.0097614,0.0056004776,-0.0015713172,-0.0056447154,0.009107963,-0.008652416,0.00046503273,0.00061473175,-0.0077798557,0.0046705725,-0.0020187031,0.009380796,-0.004556216,0.008577009,0.0005685248,0.004523923,0.006897433,-0.004226167,-0.0015587979,-0.009522519,-0.009411899,-0.0031139802,0.0019194222,0.006047361,-0.009800334,0.0009864331,-0.0008284234,0.0003269894,-0.0017128563,0.0014723049,0.005928652,0.0021024458,0.003151825,-0.0057921796,0.0075437827,-0.0024323685,0.0054674284,-0.008710724,0.0031268923,0.009426511,0.0024523383,0.0092867445,-0.0039781993
4,0.0020174368,-0.0012730431,0.0060142814,-0.0009598377,-0.0058075646,0.0075119114,-0.00090655533,0.008577543,0.0036325534,0.00030347484,-0.0001836455,-0.008900641,0.00968232,-0.008340107,-0.004163238,0.004232603,-0.0017272056,0.008592944,-0.0018248328,-0.0028008672,0.005215675,0.008312905,-0.0011619603,0.002800235,0.0069162464,0.009237516,-0.00015436395,-0.0022968375,0.0029616982,-0.008362664,0.00960247,-0.0022624892,-0.004685753,-0.0069032707,0.0006009486,0.004996368,-0.0017030365,0.008731799,0.0063385447,-0.007458458,0.005032747,-0.0070591425,0.004865965,0.0022375274,0.00090569357,-0.008363868,-0.00046519222,-0.0014273975,-0.0017293254,0.007197262,0.002297544,-0.005771241,-0.0060310923,0.0014568347,-0.00071451935,0.00020318016,-0.0055696596,-0.004005033,0.008727261,0.0020996458,0.0028724542,-0.009635246,-0.0052421326,-0.00039896416,-0.0068290113,0.0015984718,0.009741423,0.0012530759,0.004051664,-0.008224652,-0.0029641222,-0.0077817286,-0.0046390933,0.0019806374,0.009245804,-0.009838122,0.0057203765,0.007980707,-0.0055234786,-0.006586015,-0.0026925015,-0.0051762853,-0.00044175235,-0.005398105,0.009962296,-0.0090912,0.0016891519,-0.0006105448,-0.0064569083,-0.0078558205,-0.003143622,-0.009900589,0.006547182,0.006294043,0.009707408,0.004880675,-0.0036615578,0.009589112,-0.009184524,-0.009742011
40,-0.0005919407,0.0021684219,-0.008442763,-0.0024794738,-0.0068757236,0.003816092,0.008316815,-0.004891726,-0.001839901,0.0012156031,-0.008620562,0.0055062296,0.004027148,-0.007204647,0.0039102193,-0.000103729326,-0.0078841355,-0.0045575937,0.006067694,-0.0041272556,-0.0046408037,-0.0010960653,0.00044113563,0.0076336083,-0.007547429,-0.007582724,-0.0063788374,0.005697702,0.0040422147,-0.009770665,-0.0009622033,-0.008435474,-0.002505882,0.00395665,0.0019380767,0.006317615,0.0038545488,-0.009323106,0.007479365,0.009934569,-0.004883489,-0.007292654,-0.004807913,-0.00450228,0.007513498,0.00048531493,-0.0043264073,0.0011997316,-0.0026092492,-0.00039151785,0.0015628057,-0.007682764,0.008368199,-0.0008054233,-0.0074161272,-0.0055571655,-0.0040902314,-0.008802357,-0.00636341,-0.00025452516,0.0018268515,0.0082443105,0.009248199,-0.009948403,0.005453103,-0.0077326326,-0.007423708,-0.003998646,-0.00746267,-0.00399811,-0.009405604,-0.008409187,0.0022239964,0.009723004,-0.0010632261,-0.008028034,-0.001459468,0.0038073524,0.0074074483,0.0017863407,0.000978505,-0.008333726,0.009775752,0.007063159,-0.008273545,0.00948691,-0.009067495,0.0031879102,-0.0055453423,0.0059779957,0.0019260164,0.0010490047,-0.005435303,-0.0036914928,-0.004391245,-0.0020702046,-0.004098596,-0.0027122214,0.009391465,0.0016958414
41,0.0025073257,-0.0026827774,-0.009365994,0.004272854,-0.00994636,0.0052261315,-0.0077237743,-0.005526659,-0.0064317696,0.0039246785,-0.008330917,-0.0057263733,0.0011795883,0.0024228797,0.00069666695,-0.0037423596,-8.7734785e-05,0.007650835,-0.0075746384,0.006303537,0.005860919,0.0036532406,-0.0055970927,-0.0030861874,0.0042432384,-0.007526225,0.008467796,0.00078869594,0.00906614,0.0010464838,0.006166771,0.008015373,0.0067456383,-0.0032585785,0.006127021,0.008143483,0.0060179643,0.007501453,0.0039053038,0.008424744,-0.0024018986,-0.004747358,-0.0003028764,-3.7904472e-05,0.0014571628,0.0032208362,0.0087723555,-0.0060384823,-0.0021994216,0.0071219443,-0.0036105854,-0.0036415113,0.00054603134,-0.008124212,0.008479569,0.0035064344,-0.0045784754,-0.008621044,0.0056566927,-0.0008614475,-0.007162501,0.009830496,0.0092159705,0.0048062415,0.005508451,-0.007187163,-0.0022654291,-0.0071385554,0.0068169334,0.005812956,0.0033858174,0.008001092,-0.008258742,-0.0033627532,-0.0023899795,-0.008834396,-0.001298638,0.0069477907,0.0032031238,-0.004882143,0.0098692905,0.005646492,0.0041999286,-0.0031540694,-0.0021119646,0.0047109216,0.0028908602,0.0051984442,0.0015626899,0.009520839,0.0030473159,0.0060935672,0.007557481,-0.005334202,-0.0017596738,-0.0076461285,0.009545352,-0.005261862,0.00036594635,0.008231815
42,0.000727773,-0.001859311,-0.0036490848,-0.008160607,0.0002563442,-0.0017129026,-0.002092593,-0.0023291013,-0.009206102,-0.008981167,-0.008277068,-0.0040589115,0.005541586,0.008602552,0.0045877732,-0.004177211,-0.004352449,-0.007893166,0.0012578287,0.008751132,-0.0046749604,-0.0075947526,-0.005004243,0.0068644644,0.00038175946,-0.0012829778,0.0029220239,0.00084493076,-0.003914585,-0.0052163433,0.0050466494,0.0005356903,0.0012302541,-0.0038711524,-0.0036026447,0.0052522426,-0.00905187,-0.0055094995,0.0058847284,-0.0021803048,0.004051741,-0.0006232571,0.0002389821,-0.0062913997,0.004149467,-0.00935238,0.0065009724,-0.0078779245,0.007869611,0.008185043,-0.009176052,0.0017295649,0.0047274767,-0.00065437786,-0.009450878,-0.003684548,-0.005011286,0.003548773,0.0062568453,-0.0011380943,-0.0066669337,0.007848403,0.0060728346,0.0032183828,0.007485642,-0.0050970283,0.0063143587,-0.0045662457,-0.0044545983,0.0024380467,0.0036009257,0.0032087436,0.007913799,-0.00966938,-0.008840625,0.0031324357,0.0062497486,0.0020158128,-0.0064707394,0.0012589837,0.008673332,0.0059359353,0.004319174,0.005409109,0.0042019757,0.005255879,-0.00046334794,0.00034622135,0.0072998307,-0.0010560688,-0.0039803768,0.009633366,-0.0084314495,0.0009526988,0.0010926919,0.000911732,0.009543055,-0.0017464807,-0.0057534473,0.0011595755
43,-0.009182313,0.0007591486,0.0054604844,0.0004331293,-0.0010639613,0.0038423336,0.009050344,0.0054003503,-0.0088088745,0.010020704,0.00036425958,-0.0023237076,0.0046868376,0.0034258657,-0.0006449721,-0.009452941,-0.006391844,-0.0041614263,0.009593233,-0.006313903,-0.0022642014,-0.0025118317,-0.0027867646,-0.009922706,0.007864239,0.0018006893,0.008067446,-0.009611009,0.0015098652,-0.00019144925,-0.0020022758,-0.00019397473,0.009528539,0.007608894,0.008205369,-0.006369674,-0.009368338,-0.008241643,0.005610759,-0.0015601184,8.359418e-05,-0.0017091775,0.00054458575,0.0068262354,-0.009149871,0.007538698,0.0087497495,-0.0025355078,-0.004642405,0.008320951,0.0022054364,0.008768105,0.0030772754,-0.008357191,0.0024741876,0.00011392351,-0.0002777871,-0.006399121,-0.0006902217,0.0020240615,-0.003787373,0.0006386705,0.0045338604,-0.0069198147,-0.008781665,0.00048068073,0.0052907458,0.0014438288,0.00034477664,0.0049443934,-0.0019388086,-0.003640789,0.0072368016,0.007257989,0.0049432586,-0.007981191,0.002798254,6.998421e-05,0.00980364,-0.00317815,-0.007623338,0.0062651434,0.0077751502,0.00649956,-0.0064633866,0.0023541045,-0.0074753,-0.0022344205,-0.004275649,-0.0062384796,0.008722213,-0.002240962,0.0016949066,0.0037501587,0.008667804,0.0065117646,0.0033093055,0.002006585,-0.002161809,-0.0062524197
44,0.009893167,-0.0014075206,-0.0078148395,-0.00103046,-0.00048393715,-0.00032577894,-0.0052073444,-0.0019679077,0.0003545239,0.0020126943,-0.0024290404,0.0034418306,0.004598534,-0.0020205223,-0.008683881,0.0019790407,0.009529567,-0.0013625483,0.006015265,-0.008007139,-0.004984837,-0.009097846,-0.0032612989,4.4302884e-05,-0.001513611,0.0012730561,0.0021792823,-0.008833424,0.0016771903,0.008571207,0.007987937,-0.000115726485,-0.0034997284,0.00020108024,4.7537733e-06,-0.00953134,-0.0038158158,-0.004474396,0.0031033675,0.009490434,0.0033108944,0.001740999,-0.008706769,-0.007795301,0.004784864,0.0006886065,-0.006998978,0.0041866875,0.0043986365,-0.0066744927,-0.008318671,-0.003421751,-0.007393163,0.0074489634,-0.0024270334,-0.0019052462,-0.0072752233,0.007970399,-0.00016429384,0.009472828,0.00199712,-0.005370107,-0.007404731,-0.0011644365,-0.0065663992,-0.0026703596,0.0065198904,-0.009012844,-0.008467555,-0.0094093,0.009671588,-0.006496797,-0.005800086,0.004379535,-0.00740398,-0.008992149,-0.009677036,0.003762168,0.003558255,-0.006049209,-0.0032239694,0.0056059915,-0.009800472,-0.003944704,0.007337418,-0.0052625574,-0.0045018704,-0.007997003,-0.0066467775,0.0042061163,-0.009878739,0.009836002,-0.0059612943,0.008774062,-0.009489733,0.0049740532,-0.0068828505,-0.0023977915,0.002376055,-0.003474011
45,0.0069634384,0.007967252,-0.001528053,-0.0018104786,0.0046830554,0.0043375553,0.006008349,0.0012676778,0.009249055,0.0006709882,0.0068886615,-0.0061595743,0.00443486,-0.0035347245,-0.0036123062,-0.01002117,-0.0044284975,-0.003159459,-0.0033260267,-0.009671475,-0.0034636836,-0.0082719065,-0.00011790835,0.0044846497,-0.003263229,0.009664063,0.0010445358,0.0017523114,-0.005797369,0.00062369596,0.0019285385,0.008139795,0.0043045725,-0.005166789,0.0023565046,-0.003286979,-0.0072245114,-0.0017698869,-0.00040848597,0.0043186774,0.006766321,-0.001718842,0.00041266487,-0.0080461055,0.0072707385,0.009278272,0.0023277833,-0.0069429376,-0.0067177145,0.008735759,-0.006211581,0.0038756137,0.0021427486,-0.007155183,-0.0032629543,0.007307023,-0.00827113,-0.0044673267,0.0063264836,-0.007907762,0.0009823954,0.000791074,-0.0029060503,-0.00014892002,0.0041753636,-5.6836216e-05,0.0029066205,-0.004064157,-0.0004040501,-0.0018653539,0.00405734,0.008782135,-0.0058329925,-0.0028542872,0.004720835,0.00458821,0.0058580064,-0.0073001273,0.007865495,-0.008340632,-0.008325466,-0.0034438868,-0.0027185895,0.0036797712,-0.00030450497,0.004363741,-0.0039538997,-0.008392958,-0.0052812095,0.009803812,0.0021738564,0.0092367325,0.0024959433,-0.009072178,-0.0026044655,0.009252532,-0.0026847015,0.0067250365,4.7849953e-05,-0.008159646
46,-0.0045814407,0.0012091278,0.006769238,-0.00482467,0.0037559862,-0.007900977,0.005392095,0.0011028302,-0.00015141776,0.00023862495,0.006820236,-0.006876418,0.0023029265,0.004269317,-0.007841156,-0.005268157,0.0019329438,-0.0015546904,0.008583736,-0.006599142,0.006945948,-0.002543185,0.0014364395,0.0096660005,-0.008141423,0.008365686,-0.008545794,0.0061319014,0.0046922886,-0.0044312677,0.00510024,0.007736038,0.008322723,0.006172863,0.0050082863,-0.0096659735,0.0045975232,0.008055551,0.0040487656,0.00087134517,0.0095710335,-0.005245238,0.006333468,-0.009384191,0.003358493,-0.004474104,-0.003959891,0.0026456309,-0.00615266,0.001671248,0.0019754036,0.0045861346,0.008841713,-0.008625583,0.004304176,0.0022962273,-0.006094426,0.0023935647,-0.0075776624,-0.009444234,0.0096682375,-0.003064863,-0.0016302309,0.008625129,0.0018106692,-0.005823054,0.0055543883,0.008034851,-0.003947349,-0.008724295,-0.007858994,0.0082947435,0.009568057,0.0021873883,-0.0017758424,-0.009754853,0.0015201898,0.007893499,-0.0004948655,0.0019855981,-0.008794127,-0.005070107,0.0071651507,0.0052909176,0.0018825466,-0.009365379,-0.0026293104,0.007232294,0.0032802918,0.006494818,-0.008186887,-0.008451857,0.0022847217,0.008599731,0.0062172106,0.002217564,0.0066377865,0.0034846407,0.001569665,0.0073152846
47,-0.0043701655,0.00535804,-0.00596921,0.0017060082,-0.0038134828,-0.00943083,0.004292801,-0.007637697,0.00065918476,0.0015884736,-0.009226814,-0.007063689,0.009681048,-0.00892539,-0.005265871,-0.0011616946,-0.0012677225,0.0068915496,0.0054883896,-0.0063449484,-0.0026446765,0.0006312021,0.006467372,-0.0017828651,0.0070867394,-0.0006309171,-0.004664963,-0.007699727,0.0044863,0.002846949,0.008534916,0.0074517555,0.008072867,0.0025413516,0.009224695,-0.0049190335,-0.004435852,0.007179377,-0.003378622,0.0016163153,-0.00038127325,0.0068210303,-0.0022317632,0.0018524292,-0.0019855157,0.007415904,0.0015289743,0.00861151,-0.003176397,-0.0066572246,-0.002337413,0.0076615466,-0.0011184035,-0.0065773674,-0.0022374792,0.0022385963,0.008229088,0.0020522692,-0.0032868914,0.008075105,-0.0055312156,0.0099908,0.0023492964,-0.005147874,-0.0077143745,-0.001081264,0.0073644863,-0.008463112,-0.0066511636,0.0009069955,-0.008832315,-0.0029924945,0.00021778737,-0.001919921,0.0035080593,-0.0050420505,-0.008600818,-0.005301405,0.003256333,0.0016481915,0.005747765,0.00035674177,-0.005276266,0.00885065,-0.008384761,-0.007492633,0.009262444,-0.0048866607,0.006292157,0.0046399487,0.008295863,-0.009210841,0.006414286,0.0015490894,0.0005256254,-0.009417309,-0.00025529115,0.0038182626,-0.0060394346,0.0056744125
48,0.0018183273,0.0001998657,-0.00871254,-0.0022564982,0.0026358399,0.00059206487,-0.0016415997,0.009408671,-0.0048128786,0.0030483322,0.0036723083,-0.0016843368,-0.00090110896,-0.005698111,0.0040371,0.0026012769,0.0088582225,0.0019866899,-0.008397829,-0.0012037924,-0.009043426,-0.008067381,-0.0011904982,0.0070194253,-0.006840595,-0.0044757347,-0.006116017,-0.007157736,-0.009503351,0.0058797505,-0.0089812195,0.008970792,-0.0052775876,0.0052516614,-0.00873309,-0.0032510003,0.008371888,-0.0058324733,0.0005354572,0.008930469,0.0029490944,0.0075127976,-0.007905185,-0.0050254,0.0077162073,0.004399201,0.005097742,-0.00052960997,0.0049022366,0.008189521,-0.009260594,-0.002475414,0.009542477,0.0048011485,0.0059704436,0.004062972,0.008298748,-0.0047287964,0.008369829,-0.0020177993,0.0015801912,-0.0075217187,-0.00559896,0.007187258,0.003601091,0.0056678117,-0.004984087,-0.00996087,0.0061659,0.0052016242,0.004402506,0.0020847793,-0.009394557,0.008105913,0.009354149,-0.0029692722,0.00037507666,0.008697227,-0.009267956,0.00460227,0.005065886,3.3892567e-05,0.009348953,-0.0027611991,0.00034409348,0.0043413145,0.0044807573,-0.002185552,-0.0061832597,0.0059913923,0.006081644,0.006745957,0.00671871,-0.009295456,0.005226284,-0.008612603,-0.0038638115,-0.008799186,0.0053025684,-0.009824508
49,0.00887797,-0.008100589,0.0039098393,0.0067935726,-0.0006210152,-0.008274767,-0.0045628804,0.00023088677,-0.006870314,0.0038121277,0.0005378265,-0.0019702325,0.0009863197,-0.0070029194,0.008573898,0.006304975,0.0040732427,0.0059641507,-0.0005965436,0.0034444304,-0.007276589,0.0071238247,0.0044633546,0.00432033,-0.0035599004,-0.0063112904,-0.0026724332,0.0034197986,0.00077611516,0.003737542,-0.0032370687,0.0043697134,-0.005235532,0.0041606715,0.0017484899,-0.005802604,-0.001496565,-0.0019742197,0.0010524195,-0.00812835,-0.0012285355,0.00068496825,0.00019067712,0.003121653,-0.009832758,-0.00888959,-0.0048273583,0.0018068727,0.0055176523,0.008980526,-0.00481916,0.0063033546,-0.006384673,0.0012817294,-0.0038600005,0.0062303273,0.0058702645,0.0006060798,-0.004390032,-0.0009847251,0.0033874137,0.005331878,0.0034223152,0.005949971,3.666131e-05,0.006348164,-0.005391979,0.0077186613,0.004832787,0.008816291,-0.00061788945,0.00838517,-0.005728068,-0.0029696154,0.00903681,-0.007009975,0.004501302,0.0027121617,0.0032470447,0.004753196,0.000364487,-0.0067502167,-0.0081757335,0.0003141789,-0.008414498,0.00073930656,0.004270659,-0.005734161,0.0025198741,-0.009873496,0.0025534504,2.5740306e-05,0.009927333,0.0029577906,0.004158508,-0.004141639,-0.007911836,0.0067772665,0.0060046297,-0.0027182025
5,-0.006834468,0.009524086,-0.0042431946,0.006490214,-1.559772e-05,0.002252549,-0.0008351885,-0.005437845,0.006546412,-0.00012824679,-0.0060770484,0.0007528364,-0.0075417547,0.009419166,-0.0050441646,0.004067554,-0.0013076123,0.0071046804,0.009768465,0.00092226965,-0.009638679,0.009871949,0.0064942846,-0.004570453,-0.003809657,-0.0008987068,0.0036597506,0.0028848015,0.0069249677,0.0069841873,-0.0006654376,0.008039677,-0.0015304972,-0.007711657,-0.0034757988,0.006536154,0.009580038,0.0023502382,0.0036970181,0.008030949,-0.002264879,-0.0019306825,-0.0071080457,-0.0048192516,0.00035681284,-0.00019084218,0.0010305307,-0.008380707,0.005641628,0.008826618,0.006961411,0.007847149,0.004272634,0.0065067858,0.0063597024,-0.0062028063,-0.0059134127,-0.003883297,-0.0031916765,0.005491133,0.0040127537,0.009981237,-0.0015169682,0.004996544,-0.0068961135,-0.002219051,-0.0071827285,-0.004099459,0.006317415,0.00040124258,0.008411562,-0.0049134614,0.006165465,-0.0031724845,0.008768978,-0.002260032,-0.004018503,0.0015867243,0.009705925,0.0053770174,0.008116363,0.0037686406,-0.0035204624,-0.0042260955,-0.0007587638,-0.00818986,-0.004463869,0.005168924,-0.008047211,0.0012302272,-0.008527115,0.0052853213,0.010015522,0.001027703,-0.0065055955,0.0043549365,0.007995552,0.0030903898,-0.0030206672,-0.0010053673
6,-0.00493663,-0.0031391205,-0.00079206657,-0.009100179,-0.004434415,-0.0061777392,-0.009538919,-0.0035056178,-0.0031886927,0.004721194,-0.008906081,-0.003877793,-0.009697572,0.005039553,-0.001842177,-0.0035442263,-0.0039920383,0.00063760096,0.0056525003,-0.0038949873,0.0021073006,-0.0017729799,-0.009821044,0.0075842566,0.007107314,0.0016302543,0.006442605,-0.0053293663,0.008784064,0.0034983407,-0.0048463247,-0.008132963,0.00013900852,-0.0034654902,0.0071814307,-0.007987337,0.009286244,0.0027466966,0.0011191344,0.0035507793,-0.00039882812,0.0055176113,-0.006719653,0.0018978618,-0.00349075,-0.0013820421,0.0019316995,-0.009872014,0.009327163,0.008195927,-0.005743281,-0.00020501755,-0.0009431162,0.0061851833,-0.0020107068,0.004243411,-0.002754226,-0.006567302,0.006796448,0.005335332,-0.0063682264,0.0062719015,0.00026402046,0.008692991,-0.002636648,0.00063358847,0.0028608302,6.449249e-05,-0.00059118046,-0.0019515629,-0.004572111,0.0023537432,0.0069976645,0.008231232,0.0005665484,-0.0060612326,0.009538978,-0.006596247,-0.005237998,-0.0062550465,0.004873093,0.007018385,0.00061897916,-0.0073999087,-0.0014855439,-0.003921158,0.0055336556,-0.0029641418,0.0071401484,0.007467175,-0.00023217965,0.0018980425,0.0046704314,-0.0017993033,-0.009804108,-0.0042397254,-0.0072713485,0.0015256826,0.0068587908,0.0077871094
7,-0.00083655474,-0.00867077,0.0082764095,-0.004890174,-0.0075861635,0.0062426873,0.008758814,-0.00019706984,0.0077855024,0.001832037,-0.005754582,-0.002933377,-0.0006961404,0.0012107862,-0.0090205325,-0.006074417,-0.000893073,0.00962783,-0.0012341072,0.005368792,0.0033508784,-0.0026572815,-0.0063033737,-0.009036137,-0.005901387,-0.005756275,-0.0063255182,-0.0006757376,0.0012745233,-0.006350904,-0.0037371179,0.0043417034,-0.009066634,-0.006998334,-0.005780805,0.008460313,2.3581165e-06,-0.009215576,-0.002846643,0.0073820585,0.004836204,-0.0063452823,-0.004707585,-0.0018126281,0.008557222,-0.0047983592,0.005235565,-0.0056664487,0.003699398,-0.0020378719,0.009265434,-0.007165495,0.00929132,-0.000204447,0.009605301,0.009240233,0.00071665784,-0.0056475205,-0.0015639067,-0.009413382,-0.0012957318,0.008684012,0.0005912519,-0.0058213472,0.0061366,0.0027027433,-0.0062056184,-0.0049796943,0.0011476789,0.00762452,-0.005011579,0.0047785095,0.0026768197,0.009428048,-0.0027559681,-0.0026173543,-0.009414763,0.0038331326,-0.0041695973,0.002408797,-0.0042072334,0.009124178,-0.0061203563,-0.008897868,-0.0047321916,0.0023291423,-0.0023733214,-0.0055223797,0.0068506496,0.0048530637,0.00907529,0.006840343,0.009774922,-0.0016597687,0.0036076538,-0.008634837,0.003450461,-0.0069553666,-0.0061578467,0.002460302
8,0.007954104,-0.0066470746,0.0055992254,-0.0085012885,-0.009623167,-0.0070204833,-0.009996876,-0.002873652,-0.008721965,0.007878021,-0.009098554,0.0047941096,-0.0022556542,0.0073458897,0.0074950275,-0.0072966213,0.008427728,-0.009540887,-0.0054568816,0.005492672,-0.004096405,-0.003117489,0.008301226,0.007003615,0.0031548315,0.0052954224,-0.009664989,0.00570935,0.001971744,0.0029546106,-0.0013840753,0.0023929218,0.0038789257,0.004645791,-0.009493529,0.0078006475,-0.009715584,0.0020091,0.0063229227,-0.003957114,0.0069320668,-0.0017549501,0.009125759,-0.0024241349,-0.010006588,-0.0014956074,-0.0062842714,-0.0025851114,0.001503584,-0.008606445,-0.00037992565,-0.006682828,-0.00440867,-0.003161359,0.00063954166,-0.0018199035,-0.0056450474,0.0012751047,0.0014425684,0.0029376317,-0.0026526987,0.007873182,-0.0065720687,-0.0014862389,0.007874256,-0.0009877601,0.008751986,-0.006509681,0.0072481763,-0.008253844,0.0020693787,0.0021920986,0.0061601163,0.008725775,0.0044459435,-0.00014804171,0.0034276799,0.007105919,0.006827275,-0.006828354,0.00042869998,0.007541231,0.001657413,-0.0034397242,-0.006987077,0.0006116069,-0.008936631,-0.009866376,-0.0026813813,0.0020134684,0.0065913303,-0.00366996,0.006524971,0.005233588,0.0010037534,0.007528688,-0.008105038,-0.0037591872,0.007819084,0.00022704956
9,0.0071546626,0.005688581,-0.0057978295,-0.002908327,-0.0025244222,0.005364698,0.0091923,-0.0041102474,-0.0025931564,-0.008741144,0.0077773794,0.00037222498,-0.0075599626,-0.006722026,-0.0026928626,0.002981782,-0.0053828177,0.0036574816,-0.0078766495,-0.0032758156,-0.0073423646,-0.0027048902,0.0066653444,-0.007213506,0.002906968,-0.00029736102,-0.0041107773,0.007968407,0.008435846,-0.008756253,0.0083563095,0.0035608148,-0.0032479211,0.009607114,0.007814172,0.0034608056,0.00032843385,-0.0051149703,0.0041276608,-0.0058096503,0.0068407874,-0.0043471954,0.0043569184,-0.0061167255,-0.00042756912,0.0016450556,-0.000190539,0.0048748953,-0.0046019456,0.0071019754,0.005641613,-0.00658421,-0.0058983467,0.008760732,0.00045912838,-0.0050631952,-0.004689909,-0.0064254664,0.0005974057,0.00052036264,0.0072108214,-0.009450985,0.008842736,0.0071590687,-0.00091402006,-0.0032266697,0.008856026,0.006275437,0.004462068,0.0066481717,-0.009570118,0.0058117653,-0.0036772967,-0.007988369,-0.0044682836,0.0076059857,0.0086502,0.00720191,-0.0028407362,-0.0026672157,0.0023705612,0.0059535704,0.007919493,-0.0026940808,0.0016027412,0.0036567645,0.0020850536,0.006087061,0.006142198,-0.0024749916,-0.008625174,0.009736747,-0.0061052786,-0.003925743,0.008313182,0.0011466928,0.00853996,-0.00410326,0.009937938,0.0057393657
